,T>G,T>C,T>A,G>T,G>C,G>A,C>T,C>G,C>A,A>T,A>G,A>C
T[X->Y]T,4.884638175203541e-06,3.413049925224814e-06,2.138208533048374e-06,1.2463699052100645e-05,3.568544338578177e-06,7.345637929965571e-06,5.851176095317421e-05,7.792783484707041e-06,5.783315129752292e-06,4.249369449255587e-06,1.1287488727166996e-05,4.0478001136888245e-06
T[X->Y]G,2.5415267745560044e-06,1.3948212899937981e-06,9.473842452396108e-06,4.821897133570629e-06,7.262881284756491e-06,9.088033693195003e-06,8.882490024799463e-05,4.140872933590731e-06,6.603416324487075e-06,9.395388162655426e-06,9.228906318331235e-06,1.175070386930175e-06
T[X->Y]C,5.857248436666191e-06,8.776494097559474e-06,5.746265571638501e-06,7.2199163736210345e-06,1.394710871524912e-06,5.2742456137846655e-06,4.549951830069632e-05,7.331740019658556e-06,3.4117664551603803e-06,1.8871580410826593e-06,7.952588777190054e-06,1.9031819959307014e-06
T[X->Y]A,1.6263136768824713e-05,6.6680141658893905e-06,9.629027721562142e-06,8.316932063387667e-06,6.527911633080816e-06,8.788719728166222e-06,5.5042536898016665e-05,8.682881290866963e-06,6.9551924000608435e-06,4.364368559340712e-06,6.075357044185204e-06,2.9283563443638526e-06
G[X->Y]T,9.207165633202324e-06,7.936284109307732e-06,4.770710425283344e-06,1.0439526067181283e-05,4.568895951289872e-06,7.997890575032422e-06,4.868059871498087e-05,1.719957215805766e-06,8.041662652517522e-06,4.239260280941673e-06,1.3879934993575883e-05,1.0336634732540024e-05
G[X->Y]G,9.328523390074539e-06,9.769470814496551e-06,1.04155713746503e-05,1.8548487005564635e-05,4.353097325680357e-06,2.3727990318876324e-05,3.3855337267840704e-05,9.128819284131526e-07,6.50439652449725e-06,1.4201907796934134e-05,1.166982768255525e-05,1.2751062521853123e-05
G[X->Y]C,4.949841841762428e-06,1.3763467328794503e-05,1.1884708026756628e-06,1.035993597748078e-05,4.341700113127987e-06,5.597876174650895e-06,3.65287539201716e-05,1.0058047226759598e-05,5.956714975239629e-06,2.701491667745861e-06,1.3052846723467871e-05,7.349291713155829e-06
G[X->Y]A,9.391536885476556e-06,7.878350598495822e-06,1.565638587013621e-05,9.085912572517463e-06,5.740849766136624e-06,1.2630360700393293e-05,3.733889997736953e-05,1.1413026739966328e-05,5.691875524643289e-06,4.559240096390874e-06,8.252811996996412e-06,8.151008175293913e-06
C[X->Y]T,4.06944486559798e-06,5.368752011383378e-06,5.033050786689068e-06,9.041020136750894e-06,6.977216049769796e-07,1.3606179139861851e-05,4.2005636111272606e-05,2.1369701939371298e-07,6.341137324949698e-06,4.978979037596351e-06,9.246434007791383e-06,6.070776849437775e-06
C[X->Y]G,4.0156902971103805e-06,1.0082036856753482e-05,1.3980541411734296e-05,1.955695012690813e-05,5.697031846408022e-07,8.425282307187523e-06,6.209010903288844e-05,2.2479234029822047e-06,1.9301628478394721e-07,1.3929419019298834e-05,1.0709482239356907e-05,8.470478079666091e-06
C[X->Y]C,1.3194987584851375e-05,2.7555582308358555e-05,8.273102875634569e-06,1.849321024958298e-05,1.1425079998752487e-05,1.0291574529112072e-05,4.363021388874989e-05,8.144131583105162e-08,9.204562518843365e-06,2.7153608986811196e-06,4.472400577800553e-06,5.865289083452932e-06
C[X->Y]A,5.694261034496536e-06,1.4853696207478583e-05,1.1535867983833356e-05,4.7412849058954676e-06,7.399709286644748e-06,2.2956624736713234e-05,4.490402295418965e-05,1.3031012794098877e-06,7.903944695973e-06,1.4452016073716161e-05,5.269714074036922e-06,3.6914770403776465e-06
A[X->Y]T,4.7690216573485715e-06,1.3093036173431187e-05,7.222929892144875e-06,1.0662984508770852e-05,6.279134882276129e-06,1.1142571632260958e-05,5.4481082306281754e-05,5.105624875176004e-06,9.199293430152947e-06,2.785093943126582e-06,1.170675333783016e-05,7.647094057382486e-06
A[X->Y]G,6.8832612187018e-06,1.667196172988895e-05,1.0254879764700288e-05,1.2549804191647942e-05,3.1292915127159766e-06,1.1489268200169482e-05,5.940614682687071e-05,7.89369680607003e-06,2.318014617180845e-06,6.449269124308127e-06,1.3217955520655489e-05,1.0297489072958913e-05
A[X->Y]C,1.2618688933034397e-05,3.326758207636156e-05,4.61937466065419e-06,8.555452387931959e-06,8.45217834893093e-06,5.6691423334279556e-06,3.145730629335867e-05,5.1205919911546504e-06,5.160398540539429e-06,3.490740382433438e-06,9.40013042510732e-06,7.144036145445822e-06
A[X->Y]A,6.677999927959891e-06,2.2783694946352616e-05,7.3465119540616e-06,5.758087576639585e-06,6.549846408417536e-06,1.03063931775811e-05,5.1884380511329185e-05,5.643513659050958e-06,9.683950255117944e-06,2.591784854625703e-06,5.41789002057745e-06,3.937581140478297e-06
