mutation,proportion,count,jaccard
C40T,0.000461893764434,3,0.000000000000000
C44T,0.000311769290725,2,0.000000000000000
T47C,0.000144843568946,1,0.000000000000000
C66A,0.000139918847069,1,0.000000000000000
C71T,0.000299715270493,2,0.000000000000000
G72A,0.000140056022409,1,0.000000000000000
C527T,0.000531349628055,1,0.000000000000000
C539T,0.000720461095101,2,0.000000000000000
G557T,0.000533333333333,1,0.000000000000000
T733C,0.979163652148748,6767,0.000000000000000
C823T,0.000385059684251,1,0.000000000000000
C829T,0.000326157860404,1,0.000000000000000
C835A,0.000258197779499,1,0.000000000000000
C835T,0.000258197779499,1,0.000000000000000
C853T,0.000224820143885,1,0.000000000000000
C854T,0.000230043708305,1,0.000000000000000
C884T,0.001475651746188,3,0.000000000000000
C888T,0.000513083632632,1,0.000000000000000
C906T,0.000250375563345,1,0.000000000000000
C912A,0.000250187640731,1,0.000000000000000
C913T,0.001637554585153,6,0.000000000000000
C917T,0.000267522739433,1,0.000000000000000
T921A,0.000240096038415,1,0.000000000000000
A924C,0.000238151940938,1,0.000000000000000
C936T,0.000332005312085,1,0.000000000000000
G1006T,0.001048218029350,4,0.000000000000000
A1007C,0.000294637595757,1,0.000000000000000
A1014T,0.000788850907179,3,0.000000000000000
A1056T,0.000366972477064,1,0.000000000000000
C1059T,0.000672268907563,2,0.000000000000000
C1060T,0.000318979266348,1,0.000000000000000
C1063T,0.000934579439252,3,0.000000000000000
G1068A,0.000415454923141,1,0.000000000000000
C1077T,0.000721761097077,2,0.000000000000000
T1114A,0.000517598343685,1,0.000000000000000
C1150T,0.001838235294118,2,0.000000000000000
C1190T,0.000246184145741,1,0.000000000000000
C1191T,0.000233481204763,1,0.000000000000000
C1213T,0.000306466441925,1,0.000000000000000
C1218T,0.000403551251009,1,0.000000000000000
C1221A,0.000480538202787,1,0.000000000000000
T1237C,0.000618811881188,1,0.000000000000000
C1251T,0.000454545454545,1,0.000000000000000
C1251G,0.000454545454545,1,0.000000000000000
C1251A,0.000454545454545,1,0.000000000000000
A1255T,0.000432152117545,1,0.000000000000000
G1274T,0.000233372228705,1,0.000000000000000
C1281T,0.000461041954818,2,0.000000000000000
T1293C,0.000186046511628,1,0.000000000000000
C1302T,0.000165289256198,1,0.000000000000000
T1360C,0.000251193167546,1,0.000000000000000
C1385T,0.000245278390974,1,0.000000000000000
C1387T,0.000249314385440,1,0.000000000000000
G1400T,0.000299940011998,1,0.000000000000000
G1408A,0.000268672756582,1,0.000000000000000
T1411A,0.000693481276006,2,0.000000000000000
A1422G,0.000323624595469,1,0.000000000000000
T1436C,0.000355239786856,1,0.000000000000000
T1537C,0.000532765050613,1,0.000000000000000
A1643T,0.000925069380204,1,0.000000000000000
C1670T,0.001212856276531,2,0.000000000000000
T1690C,0.002294893861159,4,0.000000000000000
G1696A,0.000911577028259,1,0.000000000000000
T1753C,0.001881467544685,2,0.000000000000000
G1820A,0.000371333085778,1,0.000000000000000
T1893A,0.000423190859077,1,0.000000000000000
T1901G,0.000248880039821,1,0.000000000000000
C1902G,0.000186915887850,1,0.000000000000000
C1909T,0.000095256239284,1,0.000000000000000
T1910A,0.000088786291397,1,0.000000000000000
C1911T,0.000194306810454,2,0.000000000000000
C1912T,0.000286204922725,3,0.000000000000000
A1925G,0.000061675095596,1,0.000000000000000
C1929T,0.000129735339907,2,0.000000000000000
A1932T,0.000052010193998,1,0.000000000000000
G1940C,0.000055401662050,1,0.000000000000000
G1942A,0.000052890463849,1,0.000000000000000
C1943T,0.000061610498429,1,0.000000000000000
C1952T,0.000059826503141,1,0.000000000000000
G1957A,0.000116489020910,2,0.000000000000000
A1964G,0.000139801481896,2,0.000000000000000
C1973T,0.000316305551162,4,0.000000000000000
T1978C,0.000078709169618,1,0.000000000000000
C2094T,0.000659848234906,2,0.000000000000000
C2096A,0.000340251786322,1,0.000000000000000
A2104G,0.000266240681576,1,0.000000000000000
C2106T,0.000245338567223,1,0.000000000000000
C2110T,0.000248262164846,1,0.000000000000000
C2113T,0.000412031314380,2,0.000000000000000
C2121T,0.000222222222222,1,0.000000000000000
T2136C,0.000372856077554,2,0.000000000000000
T2145C,0.000291630212890,1,0.000000000000000
A2160C,0.000584795321637,1,0.000000000000000
T2242C,0.000284252416146,1,0.000000000000000
G2273A,0.002147074610843,4,0.000000000000000
C2334T,0.000862812769629,1,0.000000000000000
C2338A,0.000853970964987,1,0.000000000000000
A2376G,0.000364830353885,1,0.000000000000000
T2378C,0.000824402308326,2,0.000000000000000
A2380G,0.000280269058296,1,0.000000000000000
G2382T,0.000556947925369,2,0.000000000000000
C2388T,0.000137042620255,1,0.000000000000000
T2392A,0.000129416332341,1,0.000000000000000
G2393T,0.000141362736783,1,0.000000000000000
T2411G,0.000121758188238,1,0.000000000000000
C2416T,0.000096739866499,1,0.000000000000000
A2421C,0.000083717036417,1,0.000000000000000
T2425A,0.000156079288278,2,0.000000000000000
A2440T,0.000061576354680,1,0.000000000000000
G2441A,0.000055469270024,1,0.000000000000000
A2444G,0.000054118411083,1,0.000000000000000
C2445T,0.000188928773852,4,0.000000000000000
C2453T,0.000054893780535,1,0.000000000000000
C2455T,0.000212066588909,4,0.000000000000000
G2458T,0.000057041811648,1,0.000000000000000
A2467T,0.000077333539556,1,0.000000000000000
T2490G,0.000225937641211,1,0.000000000000000
A2491T,0.000614628149969,2,0.000000000000000
A2493T,0.000801282051282,2,0.000000000000000
C2523T,0.000708717221828,1,0.000000000000000
C2555T,0.000215123158008,2,0.000000000000000
T2584C,0.000118273211118,1,0.000000000000000
G2591A,0.000122759636631,1,0.000000000000000
C2594A,0.000121447656060,1,0.000000000000000
T2597A,0.000956937799043,1,0.000000000000000
A2642T,0.000456621004566,1,0.000000000000000
T2698C,0.000360360360360,1,0.000000000000000
T2820A,0.000565930956423,1,0.000000000000000
T2912G,0.000600961538462,1,0.000000000000000
C2919T,0.000639590661976,2,0.000000000000000
T2930G,0.000098096919757,1,0.000000000000000
A2938G,0.000206334468173,2,0.000000000000000
C2939T,0.000103874519580,1,0.000000000000000
C2940T,0.000105708245243,1,0.000000000000000
G2946A,0.000115888283695,1,0.000000000000000
G2960A,0.000400320256205,1,0.000000000000000
T3012C,0.000927643784787,1,0.000000000000000
T3228A,0.000361925443359,1,0.000000000000000
T3229A,0.000322684737012,1,0.000000000000000
G3231T,0.000295683027794,1,0.000000000000000
C3241T,0.000225225225225,1,0.000000000000000
T3265A,0.000333222259247,1,0.000000000000000
C3267G,0.000352360817477,1,0.000000000000000
C3267T,0.001057082452431,3,0.000000000000000
A3337C,0.000892857142857,1,0.000000000000000
T3455C,0.001049868766404,2,0.000000000000000
A3500C,0.000542005420054,1,0.000000000000000
T3577G,0.000884173297966,1,0.000000000000000
G3582A,0.001318681318681,3,0.000000000000000
C3589T,0.000284981476204,1,0.000000000000000
C3602T,0.000214961306965,2,0.000000000000000
C3604T,0.000204352712782,2,0.000000000000000
T3607C,0.000108707468203,1,0.000000000000000
T3610A,0.000191332631780,2,0.000000000000000
T3610G,0.000095666315890,1,0.000000000000000
C3611A,0.000091499679751,1,0.000000000000000
C3619T,0.000049566294919,1,0.000000000000000
A3626G,0.000994859890565,12,0.000000000000000
G3644C,0.000085954959601,1,0.000000000000000
C3646T,0.000081439856666,1,0.000000000000000
C3653A,0.000079314720812,1,0.000000000000000
C3653T,0.000317258883249,4,0.000000000000000
C3656T,0.000162166545042,2,0.000000000000000
A3669C,0.000136035913481,1,0.000000000000000
C3683T,0.000293815190245,2,0.000000000000000
C3714T,0.000203210729527,1,0.000000000000000
C3717T,0.000216450216450,1,0.000000000000000
T3723A,0.000237812128419,1,0.000000000000000
G3728T,0.000764525993884,1,0.000000000000000
A3744T,0.000628535512256,1,0.000000000000000
T3789C,0.000673854447439,1,0.000000000000000
A3936T,0.000351123595506,1,0.000000000000000
A3946C,0.000428816466552,1,0.000000000000000
C3987T,0.000613120784795,1,0.000000000000000
A3997G,0.000260892251500,1,0.000000000000000
C4012T,0.000407249032784,2,0.000000000000000
A4117G,0.000702493853179,2,0.000000000000000
T4151C,0.000418935902807,1,0.000000000000000
T4192C,0.000073459193418,1,0.000000000000000
G4196A,0.000068203519302,1,0.000000000000000
C4206T,0.000128882587962,2,0.000000000000000
A4222C,0.000058795860771,1,0.000000000000000
C4226T,0.000124533001245,2,0.000000000000000
C4227T,0.000064416387529,1,0.000000000000000
C4234T,0.000604351329573,3,0.000000000000000
T4240C,0.000231267345051,1,0.000000000000000
A4243G,0.000222816399287,1,0.000000000000000
C4248A,0.000315855969678,1,0.000000000000000
G4255A,0.000684697021568,2,0.000000000000000
C4276T,0.000275900124155,2,0.000000000000000
C4278G,0.000134571390122,1,0.000000000000000
C4320T,0.000269179004038,1,0.000000000000000
C4321T,0.000253549695740,1,0.000000000000000
C4334T,0.000331345261763,1,0.000000000000000
C4347T,0.000334224598930,1,0.000000000000000
G4392T,0.000567214974475,1,0.000000000000000
A4405G,0.000232612235404,1,0.000000000000000
C4406T,0.000231964741359,1,0.000000000000000
C4423T,0.000260552371027,1,0.000000000000000
C4456T,0.005217391304348,15,0.000000000000000
T4461A,0.000333222259247,1,0.000000000000000
T4461G,0.000999666777741,3,0.000000000000000
G4502C,0.000725163161711,1,0.000000000000000
C4573T,0.000187511719482,1,0.000000000000000
T4587A,0.000341064120055,2,0.000000000000000
T4603A,0.000476417341591,1,0.000000000000000
T4603C,0.000476417341591,1,0.000000000000000
A4674G,0.000495049504950,1,0.000000000000000
T4699C,0.000453926463913,1,0.000000000000000
C4755T,0.001982160555005,2,0.000000000000000
C4784T,0.000696864111498,1,0.000000000000000
A4860C,0.000686813186813,2,0.000000000000000
A4860T,0.000686813186813,2,0.000000000000000
A4870G,0.000217202432667,1,0.000000000000000
G4881A,0.000210172341320,1,0.000000000000000
C4886T,0.000193124758594,1,0.000000000000000
C4891T,0.000197550375346,1,0.000000000000000
A4903T,0.000202593192869,1,0.000000000000000
T4917C,0.000186880956830,1,0.000000000000000
T4933G,0.000498753117207,1,0.000000000000000
A5058G,0.000229200091680,2,0.000000000000000
C5079T,0.000312532555475,3,0.000000000000000
T5085C,0.000088605351763,1,0.000000000000000
T5099G,0.000085991916760,1,0.000000000000000
C5100T,0.000173475583312,2,0.000000000000000
A5106T,0.000091074681239,1,0.000000000000000
C5144T,0.000189358076122,1,0.000000000000000
T5149C,0.000188040616773,1,0.000000000000000
G5150T,0.000346800762962,2,0.000000000000000
T5165C,0.000160590974787,1,0.000000000000000
C5173T,0.000163880694854,1,0.000000000000000
C5175T,0.000182815356490,1,0.000000000000000
T5182C,0.000155908949174,1,0.000000000000000
C5183T,0.000340425531915,2,0.000000000000000
C5184T,0.000334616028108,2,0.000000000000000
G5187T,0.000158553987633,1,0.000000000000000
C5192T,0.000172980453209,1,0.000000000000000
C5219T,0.000175808720113,1,0.000000000000000
G5230T,0.000364365093824,2,0.000000000000000
C5239T,0.000162022034997,1,0.000000000000000
A5242G,0.000185873605948,1,0.000000000000000
C5301T,0.000378357926599,1,0.000000000000000
C5310T,0.000497017892644,1,0.000000000000000
A5383C,0.000400320256205,1,0.000000000000000
G5384T,0.000401767778224,1,0.000000000000000
C5388A,0.000395726157499,1,0.000000000000000
T5485G,0.000431592576608,2,0.000000000000000
C5497T,0.000224517287831,1,0.000000000000000
C5512T,0.000224618149146,1,0.000000000000000
T5514G,0.000239348970799,1,0.000000000000000
C5526T,0.000305716906145,1,0.000000000000000
T5530C,0.000639795265515,2,0.000000000000000
G5532C,0.000234962406015,1,0.000000000000000
A5535C,0.003590285110876,17,0.000000000000000
A5536G,0.000245760629147,1,0.000000000000000
A5546C,0.000130174433741,1,0.000000000000000
C5548T,0.000372624518693,3,0.000000000000000
T5551A,0.000134174158057,1,0.000000000000000
A5648C,0.965547317924117,2214,0.000000000000000
A5662T,0.000326583932071,1,0.000000000000000
G5665A,0.000296559905101,1,0.000000000000000
C5670T,0.000263921879124,1,0.000000000000000
G5690A,0.000154130702836,1,0.000000000000000
T5698A,0.000500375281461,2,0.000000000000000
T5713A,0.000310848616724,1,0.000000000000000
G5716T,0.000346981263012,1,0.000000000000000
C5787T,0.000261233019854,1,0.000000000000000
T5803C,0.000876808417361,2,0.000000000000000
C5812T,0.000458085203848,1,0.000000000000000
T5840C,0.000543773790103,1,0.000000000000000
C5869T,0.000359971202304,1,0.000000000000000
A5871C,0.000329597890574,1,0.000000000000000
A5877C,0.000745712155108,2,0.000000000000000
C5884T,0.000385208012327,1,0.000000000000000
T5941A,0.000234576589256,1,0.000000000000000
C5956T,0.000216684723727,1,0.000000000000000
A5966G,0.000153092467851,1,0.000000000000000
A5966T,0.000153092467851,1,0.000000000000000
C5974T,0.000259000259000,3,0.000000000000000
C5986T,0.000715773034878,11,0.000000000000000
C6011T,0.000087989441267,1,0.000000000000000
C6012T,0.000441969415716,5,0.000000000000000
A6013G,0.000104307916971,1,0.000000000000000
C6031T,0.000206228088266,1,0.000000000000000
A6035G,0.000245098039216,1,0.000000000000000
A6050G,0.000664893617021,1,0.000000000000000
A6084G,0.001207729468599,2,0.000000000000000
A6098G,0.000589970501475,2,0.000000000000000
C6114T,0.000223164472216,1,0.000000000000000
C6120T,0.000244857982370,1,0.000000000000000
A6162T,0.000587199060482,1,0.000000000000000
T6197C,0.000171556013038,1,0.000000000000000
G6220C,0.000119075970469,1,0.000000000000000
T6235A,0.000107665805340,1,0.000000000000000
C6242T,0.000110485029279,1,0.000000000000000
C6285T,0.000429184549356,1,0.000000000000000
A6319G,0.987755102040816,3872,0.000000000000000
A6366C,0.000331455087836,1,0.000000000000000
G6368A,0.000473484848485,1,0.000000000000000
G6369C,0.000380662352493,1,0.000000000000000
A6371C,0.000246426811237,1,0.000000000000000
T6394C,0.000189645363171,1,0.000000000000000
C6402T,0.002147898128260,14,0.000000000000000
G6404T,0.000729261622607,4,0.000000000000000
A6415T,0.000196889151408,1,0.000000000000000
G6421T,0.000166057788110,1,0.000000000000000
A6426G,0.000150897842161,1,0.000000000000000
T6430C,0.000152299725860,1,0.000000000000000
C6433A,0.000165261940175,1,0.000000000000000
A6441T,0.000168690958165,1,0.000000000000000
A6442C,0.000155569383945,1,0.000000000000000
C6487T,0.000193648334624,1,0.000000000000000
C6500T,0.000129600829445,1,0.000000000000000
G6513T,0.000107561579004,1,0.000000000000000
A6521G,0.000091215908054,1,0.000000000000000
C6539T,0.000182448458311,2,0.000000000000000
C6541T,0.000267952840300,3,0.000000000000000
C6543T,0.000187283453507,2,0.000000000000000
A6551C,0.000241516725033,2,0.000000000000000
G6554T,0.000148522204070,1,0.000000000000000
C6555T,0.000136500136500,1,0.000000000000000
C6568A,0.000144780657304,1,0.000000000000000
T6572C,0.000464828013635,3,0.000000000000000
A6591G,0.000198846689203,1,0.000000000000000
T6873C,0.000490677134446,1,0.000000000000000
C6968G,0.000997008973081,1,0.000000000000000
T6980A,0.001800180018002,2,0.000000000000000
C6990T,0.001335113484646,2,0.000000000000000
T6998C,0.000556483027268,1,0.000000000000000
C7002T,0.000705218617772,1,0.000000000000000
T7009A,0.000724112961622,1,0.000000000000000
C7307T,0.000786782061369,1,0.000000000000000
T7336C,0.000714796283059,1,0.000000000000000
C7350A,0.000275862068966,1,0.000000000000000
T7351A,0.000249438762784,1,0.000000000000000
T7351C,0.000997755051135,4,0.000000000000000
A7369T,0.000162298141686,2,0.000000000000000
T7375C,0.000041592147403,1,0.000000000000000
C7376A,0.000087523521947,2,0.000000000000000
G7379A,0.000038457101104,1,0.000000000000000
G7379C,0.000038457101104,1,0.000000000000000
T7380A,0.000111648678824,3,0.000000000000000
C7382A,0.000129345189976,4,0.000000000000000
C7382T,0.000064672594988,2,0.000000000000000
A7384G,0.000032156408772,1,0.000000000000000
C7391T,0.000065434320301,2,0.000000000000000
T7402C,0.000038105399535,1,0.000000000000000
A7403T,0.000039572615750,1,0.000000000000000
T7404C,0.000037346877801,1,0.000000000000000
A7412C,0.000180733779143,3,0.000000000000000
C7420T,0.000888198068169,8,0.000000000000000
T7438C,0.000233918128655,1,0.000000000000000
G7476T,0.000769822940724,1,0.000000000000000
C7635T,0.001931745009659,3,0.000000000000000
G7646A,0.000811688311688,1,0.000000000000000
C7688A,0.000291290416545,1,0.000000000000000
C7735T,0.001181334908447,2,0.000000000000000
T7813C,0.000607533414338,1,0.000000000000000
A7824G,0.000843525938423,2,0.000000000000000
C7926T,0.001248439450687,2,0.000000000000000
C7932T,0.000321233536781,1,0.000000000000000
C7945T,0.000299670362601,1,0.000000000000000
C7948T,0.000309310238169,1,0.000000000000000
A7970T,0.000297707651087,1,0.000000000000000
C8055T,0.000691562932227,1,0.000000000000000
T8063A,0.000578703703704,1,0.000000000000000
C8064T,0.000459770114943,1,0.000000000000000
C8092T,0.000268636668905,2,0.000000000000000
G8102T,0.000497512437811,3,0.000000000000000
C8112T,0.000194552529183,1,0.000000000000000
C8123T,0.000350631136045,1,0.000000000000000
T8125C,0.000503778337531,1,0.000000000000000
C8127A,0.000696864111498,1,0.000000000000000
G8144A,0.000553403431101,1,0.000000000000000
C8208T,0.000517063081696,1,0.000000000000000
C8247T,0.000185563184264,1,0.000000000000000
A8270T,0.000234246896229,1,0.000000000000000
T8272A,0.000259740259740,1,0.000000000000000
A8291T,0.000433839479393,2,0.000000000000000
C8292T,0.000228885328450,1,0.000000000000000
C8293T,0.000229252636405,1,0.000000000000000
T8296C,0.000196502259776,1,0.000000000000000
C8326T,0.000469704086426,1,0.000000000000000
T8328A,0.000589622641509,1,0.000000000000000
G8404C,0.000339443312967,1,0.000000000000000
T8416C,0.000221043324492,1,0.000000000000000
T8598C,0.000753579502638,1,0.000000000000000
C8645T,0.000307314074985,1,0.000000000000000
C8655T,0.000268817204301,1,0.000000000000000
C8660T,0.000190476190476,1,0.000000000000000
A8812C,0.000127567291746,1,0.000000000000000
T8823C,0.000121521448536,1,0.000000000000000
G8828A,0.000122309197652,1,0.000000000000000
C8956T,0.000520833333333,1,0.000000000000000
C8964T,0.000417362270451,1,0.000000000000000
C8986T,0.002919708029197,6,0.000000000000000
G9003C,0.000909918107370,1,0.000000000000000
G9017A,0.000611995104039,1,0.000000000000000
G9049A,0.000831946755408,1,0.000000000000000
G9053T,0.004035512510089,5,0.000000000000000
G9063T,0.001484780994803,2,0.000000000000000
C9118T,0.000403714170367,1,0.000000000000000
C9131T,0.000352236703064,1,0.000000000000000
T9150C,0.000363108206245,1,0.000000000000000
T9151C,0.000367647058824,1,0.000000000000000
C9166T,0.000422475707647,1,0.000000000000000
G9173A,0.000410340582684,1,0.000000000000000
G9190T,0.000361794500724,1,0.000000000000000
T9208C,0.000210216523019,1,0.000000000000000
G9209C,0.000210393435725,1,0.000000000000000
T9212C,0.000225529995489,1,0.000000000000000
G9224A,0.000256805341551,1,0.000000000000000
C9226T,0.000274876305662,1,0.000000000000000
G9249A,0.000643086816720,1,0.000000000000000
G9267T,0.000694927032662,1,0.000000000000000
T9382C,0.000732600732601,1,0.000000000000000
G9480T,0.000533049040512,1,0.000000000000000
T9522A,0.000198491464867,1,0.000000000000000
C9534T,0.000369959304477,2,0.000000000000000
T9555A,0.000384615384615,1,0.000000000000000
A9562T,0.000666222518321,2,0.000000000000000
C9611T,0.000495785820526,1,0.000000000000000
G9623T,0.001057082452431,2,0.000000000000000
C9778A,0.000523286237572,1,0.000000000000000
G9904C,0.002083333333333,4,0.000000000000000
C9907G,0.000843881856540,2,0.000000000000000
A9925T,0.000245037980887,1,0.000000000000000
C9940T,0.000954426151277,4,0.000000000000000
C9943T,0.000250878073256,1,0.000000000000000
A9948G,0.000305997552020,1,0.000000000000000
G9968T,0.000857632933105,1,0.000000000000000
G9973C,0.000591191250369,2,0.000000000000000
C9979T,0.000766283524904,3,0.000000000000000
T10009C,0.000184162062615,1,0.000000000000000
C10010T,0.000355871886121,2,0.000000000000000
C10015T,0.000193573364305,1,0.000000000000000
C10016T,0.000365030114984,2,0.000000000000000
C10029T,0.002287805994052,10,0.000000000000000
A10055G,0.000350017500875,1,0.000000000000000
A10075T,0.000763067531477,2,0.000000000000000
C10083T,0.000655307994758,1,0.000000000000000
C10138T,0.000451467268623,1,0.000000000000000
A10152G,0.000395100750691,1,0.000000000000000
C10156T,0.000370096225019,1,0.000000000000000
T10168G,0.000224466891134,1,0.000000000000000
C10170A,0.000228885328450,1,0.000000000000000
T10182C,0.000091324200913,1,0.000000000000000
C10209T,0.000202716399757,2,0.000000000000000
T10210C,0.000104275286757,1,0.000000000000000
T10216G,0.000395256916996,2,0.000000000000000
G10220C,0.000202593192869,1,0.000000000000000
C10228T,0.000559701492537,3,0.000000000000000
G10233C,0.000203045685279,1,0.000000000000000
T10253C,0.000039676241866,1,0.000000000000000
C10259T,0.000080850547762,2,0.000000000000000
T10264G,0.000086967865374,2,0.000000000000000
G10265C,0.000043485823621,1,0.000000000000000
G10266C,0.000044740727484,1,0.000000000000000
T10267A,0.000042564058909,1,0.000000000000000
A10269G,0.000134162157327,3,0.000000000000000
C10279T,0.000042448425163,1,0.000000000000000
A10280G,0.000045057222673,1,0.000000000000000
G10289A,0.000139321042121,3,0.000000000000000
A10322C,0.000175777816840,1,0.000000000000000
C10332T,0.000404530744337,3,0.000000000000000
A10356T,0.000115300357431,1,0.000000000000000
T10357C,0.000122594090965,1,0.000000000000000
G10360C,0.000127844541038,1,0.000000000000000
C10369T,0.000350959288723,3,0.000000000000000
A10385C,0.000584112149533,2,0.000000000000000
C10408T,0.000217722621380,1,0.000000000000000
A10409C,0.000200160128102,1,0.000000000000000
C10419T,0.000079497575324,1,0.000000000000000
C10422T,0.000062554735393,1,0.000000000000000
C10440T,0.000035469797467,1,0.000000000000000
G10447A,0.000112570356473,3,0.000000000000000
C10449T,0.000041704896155,1,0.000000000000000
C10450T,0.000040404040404,1,0.000000000000000
T10454G,0.000042574931880,1,0.000000000000000
C10456T,0.000120953110511,3,0.000000000000000
A10457G,0.000043815449327,1,0.000000000000000
C10458A,0.000084702693546,2,0.000000000000000
A10463T,0.000125062531266,1,0.000000000000000
C10470T,0.000197667523226,1,0.000000000000000
T10472A,0.000224366165582,1,0.000000000000000
C10507T,0.000307408545958,1,0.000000000000000
G10540A,0.000490556781948,2,0.000000000000000
C10544T,0.000274649821478,1,0.000000000000000
C10556T,0.000067335532961,1,0.000000000000000
C10560T,0.000096824167312,2,0.000000000000000
A10579C,0.000053166037535,1,0.000000000000000
T10591A,0.000108295429933,1,0.000000000000000
T10591C,0.000108295429933,1,0.000000000000000
T10597A,0.000091962479308,1,0.000000000000000
C10605A,0.000202244918596,2,0.000000000000000
C10605T,0.000101122459298,1,0.000000000000000
C10619T,0.000181290790428,1,0.000000000000000
C10626T,0.000209205020921,1,0.000000000000000
A10627G,0.000232666356445,1,0.000000000000000
C10628T,0.000224265530388,1,0.000000000000000
G10634T,0.000325203252033,1,0.000000000000000
G10670A,0.000497265042268,1,0.000000000000000
C10714T,0.001135718341851,2,0.000000000000000
C10741T,0.000300300300300,1,0.000000000000000
C10747T,0.000314366551399,1,0.000000000000000
C10755A,0.000322164948454,1,0.000000000000000
A10761G,0.000243427458617,1,0.000000000000000
A10783G,0.000107898144152,1,0.000000000000000
C10790T,0.000107330685843,1,0.000000000000000
C10818T,0.000109206071858,1,0.000000000000000
C10820T,0.000110852455382,1,0.000000000000000
A10828G,0.000170125893161,1,0.000000000000000
C10834T,0.000135336310732,1,0.000000000000000
T10852C,0.000139082058414,1,0.000000000000000
C10932T,0.000340947834981,1,0.000000000000000
T11073G,0.000830564784053,1,0.000000000000000
G11083T,0.001784121320250,2,0.000000000000000
A11101G,0.019292604501608,24,0.000000000000000
T11170A,0.000967117988395,1,0.000000000000000
A11201G,0.009584664536741,21,0.000000000000000
C11202T,0.000444839857651,1,0.000000000000000
T11227C,0.000537056928034,1,0.000000000000000
G11234A,0.000537634408602,1,0.000000000000000
C11235A,0.000614628149969,1,0.000000000000000
G11242A,0.001586042823156,2,0.000000000000000
C11355A,0.000881834215168,1,0.000000000000000
C11355T,0.000881834215168,1,0.000000000000000
G11363T,0.000698812019567,1,0.000000000000000
G11365C,0.000687757909216,1,0.000000000000000
A11402T,0.000593824228029,1,0.000000000000000
C11450T,0.000536480686695,1,0.000000000000000
T11478A,0.000259875259875,1,0.000000000000000
G11507C,0.000305157155935,1,0.000000000000000
T11509C,0.000668449197861,2,0.000000000000000
C11511T,0.000412371134021,1,0.000000000000000
T11515A,0.000458715596330,1,0.000000000000000
T11522G,0.000928074245940,2,0.000000000000000
T11554C,0.000821692686935,1,0.000000000000000
C11620T,0.988888888888889,1513,0.000000000000000
C11637T,0.000246852628980,1,0.000000000000000
A11643C,0.000556483027268,3,0.000000000000000
G11649T,0.000152369343288,1,0.000000000000000
C11653T,0.000130361100248,1,0.000000000000000
T11656C,0.000116550116550,1,0.000000000000000
G11658C,0.000235266439242,2,0.000000000000000
T11661C,0.000103809820409,1,0.000000000000000
C11663T,0.000321508948666,3,0.000000000000000
C11671T,0.000148257968866,2,0.000000000000000
T11672C,0.000137902502930,2,0.000000000000000
C11674T,0.000213113589543,3,0.000000000000000
T11677C,0.000074822297045,1,0.000000000000000
G11679T,0.000076388358414,1,0.000000000000000
A11684C,0.000161238310223,2,0.000000000000000
C11687T,0.000083787180561,1,0.000000000000000
T11692A,0.000089911886351,1,0.000000000000000
C11704T,0.000161812297735,2,0.000000000000000
G11719A,0.000118553645525,1,0.000000000000000
A11721T,0.000117370892019,1,0.000000000000000
T11731C,0.000120743781695,1,0.000000000000000
T11737C,0.000140370578327,1,0.000000000000000
C11741A,0.000190331176247,1,0.000000000000000
C11750T,0.984379437659756,3466,0.000000000000000
T11773G,0.000775193798450,1,0.000000000000000
G11807T,0.002997002997003,3,0.000000000000000
C11832T,0.000805152979066,1,0.000000000000000
C11900A,0.000648508430610,1,0.000000000000000
G11909A,0.000816993464052,1,0.000000000000000
C11942T,0.000493096646943,1,0.000000000000000
A11943T,0.000466200466200,1,0.000000000000000
C11956T,0.000562113546936,1,0.000000000000000
C11976G,0.000869565217391,1,0.000000000000000
T12006A,0.000320821302534,1,0.000000000000000
T12015G,0.000364099763335,2,0.000000000000000
C12053A,0.000174216027875,1,0.000000000000000
G12059A,0.000288683602771,2,0.000000000000000
A12064T,0.000124657192720,1,0.000000000000000
G12067A,0.000103252452246,1,0.000000000000000
C12076T,0.000094634238668,1,0.000000000000000
G12079A,0.000106303816307,1,0.000000000000000
T12113A,0.000189573459716,1,0.000000000000000
C12115T,0.000214684413912,1,0.000000000000000
T12118C,0.000220118864187,1,0.000000000000000
A12150T,0.002184598580011,4,0.000000000000000
C12153T,0.001156069364162,2,0.000000000000000
C12161A,0.000457665903890,1,0.000000000000000
C12165T,0.000421229991575,1,0.000000000000000
T12232A,0.000196772924046,1,0.000000000000000
C12241T,0.000157430730479,1,0.000000000000000
T12244G,0.000191975427145,1,0.000000000000000
C12252G,0.000167392032139,1,0.000000000000000
C12253T,0.000152114390021,1,0.000000000000000
C12257T,0.000127048659637,1,0.000000000000000
T12262C,0.000265533722783,2,0.000000000000000
G12265T,0.000121565767080,1,0.000000000000000
G12268T,0.000113869278069,1,0.000000000000000
A12282G,0.000113378684807,1,0.000000000000000
C12284A,0.000090155066715,1,0.000000000000000
C12288T,0.000096833543139,1,0.000000000000000
A12290G,0.000412967169110,4,0.000000000000000
T12291C,0.000182581705313,2,0.000000000000000
T12304C,0.000099980003999,1,0.000000000000000
C12312T,0.000108014689998,1,0.000000000000000
T12313C,0.000436824287430,4,0.000000000000000
A12329G,0.000162548764629,1,0.000000000000000
A12334G,0.000554118950868,3,0.000000000000000
C12342T,0.000195198126098,1,0.000000000000000
A12350G,0.000540979172302,2,0.000000000000000
C12357T,0.000707046900778,3,0.000000000000000
G12373T,0.000370233246946,1,0.000000000000000
A12426G,0.000583771161705,1,0.000000000000000
C12439T,0.000875503414463,5,0.000000000000000
T12454A,0.000134336378291,1,0.000000000000000
C12459T,0.001289490651193,14,0.000000000000000
A12466G,0.000094161958569,1,0.000000000000000
C12469A,0.000087950747581,1,0.000000000000000
C12469T,0.000175901495163,2,0.000000000000000
C12473T,0.000179710665828,2,0.000000000000000
A12475T,0.000387596899225,3,0.000000000000000
G12479A,0.000254517688979,2,0.000000000000000
G12479T,0.000127258844490,1,0.000000000000000
C12484T,0.000121329774327,1,0.000000000000000
C12489T,0.000134156157768,1,0.000000000000000
C12501T,0.000351493848858,1,0.000000000000000
C12534T,0.000999000999001,1,0.000000000000000
T12583A,0.000602772754671,1,0.000000000000000
A12605T,0.000184706316956,1,0.000000000000000
A12611G,0.000134174158057,1,0.000000000000000
T12620A,0.000201938610662,2,0.000000000000000
C12641T,0.000123092072871,1,0.000000000000000
C12651T,0.000170988885722,3,0.000000000000000
A12698T,0.000542888165038,1,0.000000000000000
C12738T,0.000512032770097,2,0.000000000000000
C12778T,0.993796791443850,4646,0.000000000000000
A12860T,0.000660066006601,1,0.000000000000000
T12865C,0.001144164759725,2,0.000000000000000
G12867T,0.000597728631201,1,0.000000000000000
C12885T,0.000385059684251,1,0.000000000000000
A12905C,0.000459770114943,1,0.000000000000000
C12970T,0.003498950314906,5,0.000000000000000
T13006A,0.000520833333333,1,0.000000000000000
C13011T,0.001100715465052,2,0.000000000000000
C13019T,0.000823723228995,2,0.000000000000000
C13035G,0.000191424196018,1,0.000000000000000
A13041G,0.000102722136620,1,0.000000000000000
C13056T,0.000103220478943,1,0.000000000000000
T13067G,0.000109373291042,1,0.000000000000000
C13072T,0.000180962721679,1,0.000000000000000
C13072G,0.000361925443359,2,0.000000000000000
A13089C,0.001663893510815,2,0.000000000000000
T13090C,0.000731528895391,1,0.000000000000000
C13119T,0.000177967609895,1,0.000000000000000
G13126A,0.000156911972383,1,0.000000000000000
T13141A,0.000153869826127,1,0.000000000000000
G13153A,0.000162179695102,1,0.000000000000000
C13170T,0.000233754090697,1,0.000000000000000
C13176T,0.000231000231000,1,0.000000000000000
T13180C,0.000268600590921,1,0.000000000000000
T13270C,0.000380662352493,1,0.000000000000000
C13271T,0.000705467372134,2,0.000000000000000
T13291A,0.000946969696970,1,0.000000000000000
T13339C,0.000398406374502,1,0.000000000000000
T13422G,0.000563697857948,1,0.000000000000000
C13509T,0.000842459983151,1,0.000000000000000
T13557C,0.000289603243556,1,0.000000000000000
T13569C,0.000336587007742,1,0.000000000000000
C13577T,0.000396825396825,1,0.000000000000000
T13578A,0.000354358610914,1,0.000000000000000
T13586C,0.001016260162602,2,0.000000000000000
G13771C,0.000934579439252,1,0.000000000000000
C13808T,0.000970873786408,1,0.000000000000000
A13922T,0.000208855472013,1,0.000000000000000
T13935A,0.000091390970572,1,0.000000000000000
G13939A,0.000099532198666,1,0.000000000000000
G13948T,0.000111994624258,1,0.000000000000000
C13957T,0.000114508187335,1,0.000000000000000
A13962C,0.000207770621234,1,0.000000000000000
C13968T,0.000266240681576,1,0.000000000000000
A13991G,0.000365096750639,1,0.000000000000000
T14161C,0.000240673886883,1,0.000000000000000
C14167T,0.000239406272444,1,0.000000000000000
T14173C,0.000137816979052,1,0.000000000000000
C14177T,0.000126151129053,1,0.000000000000000
C14178T,0.000253036437247,2,0.000000000000000
T14179G,0.000118595825427,1,0.000000000000000
C14184T,0.000128849375081,1,0.000000000000000
A14185C,0.000114207400640,1,0.000000000000000
G14187A,0.000122579063496,1,0.000000000000000
T14211A,0.000214132762313,2,0.000000000000000
C14216A,0.000100826779593,1,0.000000000000000
C14220T,0.000318809776833,3,0.000000000000000
T14222A,0.000111881852763,1,0.000000000000000
C14323T,0.000537345513165,1,0.000000000000000
C14326T,0.001254705144291,2,0.000000000000000
G14346T,0.001492537313433,2,0.000000000000000
G14398A,0.000781860828772,1,0.000000000000000
T14466C,0.000179018976011,1,0.000000000000000
T14476C,0.000214822771214,1,0.000000000000000
C14491T,0.000229200091680,1,0.000000000000000
G14515A,0.000524658971668,1,0.000000000000000
C14645T,0.000233836080907,2,0.000000000000000
C14645G,0.000116918040454,1,0.000000000000000
A14647T,0.000057760064691,1,0.000000000000000
C14649T,0.000431539362555,7,0.000000000000000
C14649G,0.000061648480365,1,0.000000000000000
C14657A,0.000049256230913,1,0.000000000000000
C14674T,0.000046341350387,1,0.000000000000000
C14676T,0.000096061479347,2,0.000000000000000
T14679C,0.000051692943913,1,0.000000000000000
T14685C,0.000078259508530,1,0.000000000000000
C14688T,0.000110926234054,1,0.000000000000000
C14688A,0.000110926234054,1,0.000000000000000
A14689T,0.000236462520690,1,0.000000000000000
A14748T,0.000737463126844,1,0.000000000000000
C14790T,0.001098901098901,2,0.000000000000000
C14805T,0.000458715596330,1,0.000000000000000
C14809T,0.000495785820526,1,0.000000000000000
G14810A,0.000462320850670,1,0.000000000000000
T14814C,0.000445831475702,1,0.000000000000000
G14829T,0.002033553634977,4,0.000000000000000
C14925A,0.000487804878049,1,0.000000000000000
T14956C,0.000567214974475,1,0.000000000000000
T15009C,0.000247678018576,2,0.000000000000000
C15032T,0.000104231811549,1,0.000000000000000
C15037T,0.000095192765350,1,0.000000000000000
T15047G,0.000194457948469,2,0.000000000000000
T15047C,0.000097228974234,1,0.000000000000000
G15138T,0.000372023809524,1,0.000000000000000
C15141T,0.001533154465312,4,0.000000000000000
T15144C,0.000148698884758,1,0.000000000000000
A15145T,0.000136091453457,1,0.000000000000000
A15147G,0.002402326463523,19,0.000000000000000
A15149T,0.000088676066330,1,0.000000000000000
A15165G,0.000484496124031,8,0.000000000000000
C15173T,0.000192591641523,3,0.000000000000000
C15194T,0.000121373953150,1,0.000000000000000
C15212T,0.000142369020501,1,0.000000000000000
C15212G,0.000142369020501,1,0.000000000000000
C15237T,0.001207729468599,2,0.000000000000000
A15250T,0.001219512195122,2,0.000000000000000
C15279T,0.002184598580011,4,0.000000000000000
G15355A,0.000832639467111,1,0.000000000000000
T15528G,0.000340715502555,1,0.000000000000000
A15534C,0.000597371565114,2,0.000000000000000
G15543T,0.000330250990753,1,0.000000000000000
A15548G,0.001144164759725,3,0.000000000000000
T15552G,0.001029512697323,3,0.000000000000000
G15586A,0.000211729832733,1,0.000000000000000
T15597C,0.000126071608674,1,0.000000000000000
T15599C,0.000128254456842,1,0.000000000000000
G15617C,0.000179307871616,1,0.000000000000000
C15619T,0.000168976005407,1,0.000000000000000
A15645T,0.000524934383202,2,0.000000000000000
C15714T,0.000356379187455,1,0.000000000000000
C15738T,0.000621118012422,1,0.000000000000000
A15869G,0.000488281250000,2,0.000000000000000
G15871T,0.000222024866785,1,0.000000000000000
T15888C,0.000118182355374,2,0.000000000000000
A15889T,0.000058322640849,1,0.000000000000000
A15892C,0.000062640942120,1,0.000000000000000
G15898A,0.000058606341206,1,0.000000000000000
C15929T,0.000235072872591,2,0.000000000000000
C15934T,0.000120192307692,1,0.000000000000000
G15937T,0.000116346713205,1,0.000000000000000
C15941T,0.000119674485400,1,0.000000000000000
C15951T,0.000202122283982,2,0.000000000000000
C15952T,0.000430663221361,4,0.000000000000000
C15960T,0.001969416126043,17,0.000000000000000
G15970T,0.000316856780735,1,0.000000000000000
A16067G,0.000540540540541,1,0.000000000000000
T16079G,0.000810372771475,1,0.000000000000000
A16085T,0.000416319733555,1,0.000000000000000
C16175A,0.000314861460957,1,0.000000000000000
G16182A,0.000593824228029,2,0.000000000000000
T16194G,0.000260688216893,1,0.000000000000000
C16308T,0.000701262272090,1,0.000000000000000
C16343T,0.000805152979066,2,0.000000000000000
C16394T,0.000396510705789,1,0.000000000000000
T16415A,0.000184026499816,1,0.000000000000000
C16428T,0.000185150897982,1,0.000000000000000
C16466T,0.001980720982438,15,0.000000000000000
C16468T,0.000141402714932,1,0.000000000000000
T16473C,0.000340831629175,1,0.000000000000000
G16475C,0.000377928949358,1,0.000000000000000
T16483C,0.000482625482625,1,0.000000000000000
C16523T,0.000491883915396,1,0.000000000000000
G16543T,0.000273672687466,1,0.000000000000000
A16556T,0.000271517784415,1,0.000000000000000
A16561C,0.000747756729811,3,0.000000000000000
A16574T,0.000165947560571,1,0.000000000000000
A16574C,0.000165947560571,1,0.000000000000000
C16575T,0.000159616919393,1,0.000000000000000
T16584A,0.000235960358660,1,0.000000000000000
T16600C,0.000262467191601,1,0.000000000000000
G16603C,0.000269541778976,1,0.000000000000000
A16638T,0.000954653937947,2,0.000000000000000
C16716T,0.000785545954438,1,0.000000000000000
C16733T,0.000408997955010,1,0.000000000000000
G16741T,0.000754147812971,2,0.000000000000000
T16742C,0.000379075056861,1,0.000000000000000
T16743A,0.000596480763495,2,0.000000000000000
T16743G,0.000298240381748,1,0.000000000000000
T16746C,0.000354735721887,3,0.000000000000000
A16748G,0.000110815602837,3,0.000000000000000
C16750T,0.000075372149991,2,0.000000000000000
C16757T,0.000031571636042,1,0.000000000000000
C16767T,0.000030962628108,1,0.000000000000000
G16777T,0.000030975096023,1,0.000000000000000
T16782C,0.000029407440082,1,0.000000000000000
C16799T,0.000075654410652,1,0.000000000000000
A16807G,0.000178205470908,2,0.000000000000000
C16870A,0.000458085203848,1,0.000000000000000
A16973T,0.000204582651391,1,0.000000000000000
C16985T,0.000106986198780,1,0.000000000000000
G16987T,0.000117233294256,1,0.000000000000000
A16992G,0.000217533173809,2,0.000000000000000
C16997T,0.000231133710852,2,0.000000000000000
T17007C,0.000166972783436,1,0.000000000000000
T17011G,0.000153022188217,1,0.000000000000000
C17012T,0.000305857164704,2,0.000000000000000
G17017A,0.000185391175380,1,0.000000000000000
C17285T,0.000465983224604,1,0.000000000000000
C17288T,0.002200704225352,5,0.000000000000000
C17321T,0.000198216055500,1,0.000000000000000
C17326T,0.000196618167519,1,0.000000000000000
A17335C,0.000160359204618,1,0.000000000000000
A17342T,0.000155957579538,1,0.000000000000000
A17344G,0.000172087420410,1,0.000000000000000
G17350A,0.000189753320683,1,0.000000000000000
T17358C,0.000174307129162,1,0.000000000000000
C17375T,0.000214086919289,1,0.000000000000000
T17433A,0.000667111407605,2,0.000000000000000
C17439T,0.000171673819742,1,0.000000000000000
C17453T,0.000298908982215,2,0.000000000000000
C17474G,0.000167560321716,2,0.000000000000000
C17474T,0.000083780160858,1,0.000000000000000
T17497C,0.000109409190372,1,0.000000000000000
A17508G,0.000708717221828,1,0.000000000000000
G17509C,0.001436781609195,2,0.000000000000000
T17510G,0.000871839581517,1,0.000000000000000
C17560A,0.000634115409004,1,0.000000000000000
T17589G,0.000718390804598,1,0.000000000000000
T17591A,0.001530221882173,2,0.000000000000000
G17623C,0.000762195121951,1,0.000000000000000
A17646C,0.000341530054645,1,0.000000000000000
A17684C,0.000249003984064,1,0.000000000000000
T17700C,0.000204666393778,1,0.000000000000000
C17766T,0.000638162093172,3,0.000000000000000
C17795T,0.000959079283887,3,0.000000000000000
C17822T,0.000236854571293,2,0.000000000000000
C17825T,0.000185908161368,2,0.000000000000000
C17827A,0.000486618004866,6,0.000000000000000
C17840T,0.000092678405931,1,0.000000000000000
C17843T,0.000097570494682,1,0.000000000000000
T17859G,0.000172622130157,1,0.000000000000000
C17868G,0.000341763499658,1,0.000000000000000
A17892G,0.000112069931637,1,0.000000000000000
C18041T,0.000317258883249,1,0.000000000000000
C18060T,0.000415685187751,3,0.000000000000000
A18076T,0.000091844232182,1,0.000000000000000
A18077G,0.000089694142972,1,0.000000000000000
A18085G,0.000117681671080,2,0.000000000000000
C18086T,0.000198000198000,4,0.000000000000000
T18099C,0.000151960287711,3,0.000000000000000
C18113T,0.000042901883393,1,0.000000000000000
C18115T,0.000090469082191,2,0.000000000000000
C18117A,0.000048195093739,1,0.000000000000000
C18118T,0.000046046875719,1,0.000000000000000
C18131T,0.000155674329303,3,0.000000000000000
C18138T,0.000061406202026,1,0.000000000000000
A18139C,0.000067879446104,1,0.000000000000000
T18144C,0.000303612994636,3,0.000000000000000
T18158C,0.000428742925742,5,0.000000000000000
C18166T,0.000089944234575,1,0.000000000000000
A18184G,0.000200200200200,1,0.000000000000000
T18231C,0.000138811771238,1,0.000000000000000
C18252T,0.000172294968987,1,0.000000000000000
A18270C,0.000469704086426,1,0.000000000000000
G18290A,0.000683526999316,1,0.000000000000000
G18290T,0.000683526999316,1,0.000000000000000
T18309C,0.000619962802232,1,0.000000000000000
T18369G,0.000942507068803,1,0.000000000000000
C18377T,0.000981354268891,1,0.000000000000000
T18413A,0.000315756236186,1,0.000000000000000
C18419T,0.000280662363177,1,0.000000000000000
G18443A,0.000149566257852,1,0.000000000000000
A18444C,0.000148214021046,1,0.000000000000000
C18452T,0.000133868808568,1,0.000000000000000
C18463A,0.000336983993260,2,0.000000000000000
C18464G,0.000166777851901,1,0.000000000000000
C18481T,0.000297574765660,2,0.000000000000000
C18486T,0.000362384489944,2,0.000000000000000
A18487T,0.000409249028034,2,0.000000000000000
C18491T,0.000214915108532,1,0.000000000000000
T18513G,0.000661375661376,2,0.000000000000000
C18601T,0.000116238521446,1,0.000000000000000
G18605T,0.000112523911331,1,0.000000000000000
C18606T,0.000108096422008,1,0.000000000000000
A18626T,0.000088129020887,1,0.000000000000000
A18645T,0.000404858299595,1,0.000000000000000
C18657T,0.000535045478866,1,0.000000000000000
G18659T,0.000504795557799,1,0.000000000000000
T18678C,0.000482160077146,1,0.000000000000000
C18680T,0.000452284034374,1,0.000000000000000
C18692A,0.000333222259247,1,0.000000000000000
C18698T,0.000321233536781,1,0.000000000000000
T18786G,0.000762776506484,2,0.000000000000000
T18820C,0.000538213132400,1,0.000000000000000
T18892A,0.000810372771475,1,0.000000000000000
A18902C,0.000364298724954,1,0.000000000000000
T18921C,0.000234796900681,1,0.000000000000000
T18927C,0.000229885057471,1,0.000000000000000
T18975C,0.000512557662737,1,0.000000000000000
C18976T,0.000481695568401,1,0.000000000000000
A19002G,0.000445037828215,1,0.000000000000000
T19003C,0.000468164794007,1,0.000000000000000
C19007T,0.000212833883154,2,0.000000000000000
C19011T,0.000081063553826,1,0.000000000000000
T19016A,0.000080919242596,1,0.000000000000000
C19017T,0.000232901172269,3,0.000000000000000
C19041T,0.000078003120125,1,0.000000000000000
T19057G,0.000409836065574,1,0.000000000000000
C19070T,0.000478697941599,1,0.000000000000000
C19164T,0.000252461499621,1,0.000000000000000
C19186T,0.001914486279515,3,0.000000000000000
A19208G,0.000758725341426,1,0.000000000000000
C19220T,0.002971768202080,4,0.000000000000000
A19504G,0.000727802037846,1,0.000000000000000
T19538A,0.000316355583676,1,0.000000000000000
T19541C,0.000220409962530,1,0.000000000000000
A19543G,0.000492004920049,2,0.000000000000000
T19551A,0.000259807742271,1,0.000000000000000
C19554T,0.000292226767972,1,0.000000000000000
A19571G,0.000712758374911,2,0.000000000000000
A19578T,0.000390625000000,1,0.000000000000000
G19598A,0.001079913606911,2,0.000000000000000
C19604T,0.000592417061611,1,0.000000000000000
G19613A,0.000714796283059,1,0.000000000000000
A19619T,0.000938967136150,1,0.000000000000000
T19624G,0.000643915003220,1,0.000000000000000
T19644G,0.000164717509471,1,0.000000000000000
T19649G,0.000148964695367,1,0.000000000000000
A19655C,0.000113109376767,1,0.000000000000000
T19668C,0.000124626121635,1,0.000000000000000
C19694T,0.000277161862528,2,0.000000000000000
C19718T,0.000317863954228,1,0.000000000000000
G19723T,0.000395569620253,1,0.000000000000000
T19728A,0.002076411960133,5,0.000000000000000
G19738T,0.000575043128235,1,0.000000000000000
A19751C,0.000884955752212,1,0.000000000000000
C19813T,0.000656814449918,2,0.000000000000000
G19816T,0.000721240533718,2,0.000000000000000
C19854T,0.000259740259740,1,0.000000000000000
T19866C,0.000280112044818,1,0.000000000000000
T19926G,0.000471809389007,2,0.000000000000000
C19955G,0.000073276177915,1,0.000000000000000
G19957T,0.000072072072072,1,0.000000000000000
T19980G,0.000079522862823,1,0.000000000000000
C19983T,0.000250000000000,3,0.000000000000000
G19990T,0.000288683602771,2,0.000000000000000
A19991T,0.001104100946372,7,0.000000000000000
A19998G,0.000212720697724,1,0.000000000000000
A20015C,0.000333667000334,2,0.000000000000000
A20025T,0.000334840113846,2,0.000000000000000
C20031T,0.000334336342360,2,0.000000000000000
C20044T,0.000888888888889,1,0.000000000000000
A20052T,0.000914076782450,1,0.000000000000000
G20062T,0.000259875259875,1,0.000000000000000
C20095T,0.000068827861518,1,0.000000000000000
C20099T,0.000229130069503,3,0.000000000000000
A20101T,0.000073659398939,1,0.000000000000000
C20104T,0.000347826086957,5,0.000000000000000
T20109G,0.000069391437097,1,0.000000000000000
G20113T,0.000148214021046,2,0.000000000000000
C20117T,0.000074426912772,1,0.000000000000000
A20121G,0.000072584742687,1,0.000000000000000
G20128A,0.000060016804705,1,0.000000000000000
A20129C,0.000062539086929,1,0.000000000000000
C20132T,0.000064329366356,1,0.000000000000000
C20148T,0.000094437623949,1,0.000000000000000
T20152A,0.000139625802848,1,0.000000000000000
T20157C,0.000435161009574,3,0.000000000000000
A20162T,0.000216122757726,1,0.000000000000000
G20164A,0.000222321031570,1,0.000000000000000
T20165G,0.000225275963055,1,0.000000000000000
T20166G,0.000195656427314,1,0.000000000000000
C20178T,0.000421318727617,2,0.000000000000000
C20179T,0.000211193241816,1,0.000000000000000
C20233T,0.000550357732526,2,0.000000000000000
C20235T,0.000608828006088,2,0.000000000000000
C20402G,0.000741839762611,1,0.000000000000000
C20404T,0.001536098310292,2,0.000000000000000
T20406G,0.000621890547264,1,0.000000000000000
A20425T,0.000434499239626,2,0.000000000000000
A20425G,0.000217249619813,1,0.000000000000000
C20441T,0.000254388196388,1,0.000000000000000
T20466G,0.000367647058824,1,0.000000000000000
C20480T,0.000851788756388,2,0.000000000000000
C20483T,0.000424808836024,1,0.000000000000000
T20496C,0.000441891294741,1,0.000000000000000
T20613A,0.000277315585136,1,0.000000000000000
G20618T,0.000254971953085,1,0.000000000000000
A20640C,0.000148192056906,1,0.000000000000000
C20678T,0.000662690523526,2,0.000000000000000
T20700G,0.000279329608939,1,0.000000000000000
C20703T,0.000248385494287,1,0.000000000000000
C20719T,0.001362397820163,5,0.000000000000000
C20762T,0.000532765050613,1,0.000000000000000
A20766T,0.000493096646943,1,0.000000000000000
A20776G,0.000988142292490,2,0.000000000000000
A20782C,0.000876424189308,2,0.000000000000000
C20823A,0.000186776242062,1,0.000000000000000
T20827C,0.000398962696988,2,0.000000000000000
C20863T,0.000615006150062,1,0.000000000000000
C21057T,0.000112007168459,2,0.000000000000000
C21077T,0.000058353270701,1,0.000000000000000
A21080G,0.000055994176606,1,0.000000000000000
G21082T,0.000065547981122,1,0.000000000000000
T21128C,0.000736919675755,1,0.000000000000000
A21141G,0.000481927710843,1,0.000000000000000
T21283A,0.000700770847933,1,0.000000000000000
C21302A,0.000839630562552,2,0.000000000000000
C21638T,0.746095398902491,3535,0.000000000000000
C21654T,0.000096534414519,1,0.000000000000000
T21655C,0.000094912680334,1,0.000000000000000
C21658T,0.000096599690881,1,0.000000000000000
C21677T,0.000105075128717,1,0.000000000000000
C21691T,0.000195771339076,2,0.000000000000000
G21693A,0.000110314396029,1,0.000000000000000
T21695C,0.000224315836698,2,0.000000000000000
A21700T,0.000358873138346,2,0.000000000000000
C21707T,0.000614880098381,3,0.000000000000000
C21711T,0.000204498977505,1,0.000000000000000
A21713T,0.000225073148773,1,0.000000000000000
T21715C,0.000246366100025,1,0.000000000000000
T21729A,0.000475285171103,1,0.000000000000000
C21742T,0.000573394495413,1,0.000000000000000
A21749G,0.001033591731266,2,0.000000000000000
G21770A,0.000540540540541,1,0.000000000000000
G21770T,0.000540540540541,1,0.000000000000000
C21772A,0.000524383848977,1,0.000000000000000
G21776T,0.000508388408744,1,0.000000000000000
G21796A,0.000840689365280,2,0.000000000000000
T21802C,0.000248138957816,1,0.000000000000000
C21811T,0.000668896321070,3,0.000000000000000
C21812A,0.000229147571036,1,0.000000000000000
A21814T,0.000214638334407,1,0.000000000000000
A21821G,0.000212224108659,1,0.000000000000000
A21822C,0.000626697305202,3,0.000000000000000
T21841G,0.000211999152003,1,0.000000000000000
C21846T,0.003669724770642,20,0.000000000000000
A21849C,0.001900779319521,10,0.000000000000000
C21855T,0.000359130903214,2,0.000000000000000
T21864C,0.000203169443316,1,0.000000000000000
G21869C,0.000241254523522,1,0.000000000000000
C21885T,0.000169462802915,2,0.000000000000000
C21888T,0.000080102531240,1,0.000000000000000
T21908G,0.000064395646854,1,0.000000000000000
T21916C,0.000078758761912,1,0.000000000000000
A21917G,0.000076511094109,1,0.000000000000000
T21919A,0.000074200489723,1,0.000000000000000
T21925A,0.000083008217814,1,0.000000000000000
G21929A,0.000119560019130,1,0.000000000000000
C21933T,0.000336813742001,3,0.000000000000000
T22048A,0.000504540867810,1,0.000000000000000
T22072C,0.001752677702045,9,0.000000000000000
G22073T,0.000204081632653,1,0.000000000000000
T22087G,0.000217013888889,1,0.000000000000000
C22088T,0.000459770114943,2,0.000000000000000
G22103A,0.000229305205228,1,0.000000000000000
T22270C,0.000841750841751,1,0.000000000000000
T22308A,0.000689179875948,1,0.000000000000000
C22311T,0.000798084596967,1,0.000000000000000
T22392G,0.000400962309543,1,0.000000000000000
C22448T,0.000223914017017,1,0.000000000000000
C22452T,0.000239463601533,1,0.000000000000000
C22480T,0.000598623166717,2,0.000000000000000
A22525G,0.986491420226360,8106,0.000000000000000
T22539A,0.000158906721754,1,0.000000000000000
T22542G,0.000323519896474,2,0.000000000000000
C22551T,0.000260450579503,2,0.000000000000000
T22566A,0.000153869826127,1,0.000000000000000
T22573G,0.000179147259047,1,0.000000000000000
G22578A,0.000176087339320,1,0.000000000000000
T22579A,0.000177809388336,1,0.000000000000000
G22580C,0.000146799765120,1,0.000000000000000
T22584A,0.000126310471138,1,0.000000000000000
T22588G,0.000108412836080,1,0.000000000000000
C22617T,0.000144696860078,1,0.000000000000000
A22668G,0.000251193167546,2,0.000000000000000
T22669C,0.000122458976243,1,0.000000000000000
T22673C,0.000118035882908,1,0.000000000000000
T22685A,0.000111719360965,1,0.000000000000000
T22685G,0.000223438721931,2,0.000000000000000
C22686T,0.000125643925116,1,0.000000000000000
C22689T,0.000260552371027,2,0.000000000000000
A22694G,0.000290697674419,2,0.000000000000000
T22697A,0.000142979696883,1,0.000000000000000
G22703A,0.000141562853907,1,0.000000000000000
G22708T,0.000158906721754,1,0.000000000000000
T22711C,0.000312012480499,2,0.000000000000000
T22717A,0.000232396002789,1,0.000000000000000
T22954A,0.000600781015320,2,0.000000000000000
G22955A,0.000286615075953,1,0.000000000000000
C22968A,0.001302605210421,13,0.000000000000000
C22971A,0.000160629668300,2,0.000000000000000
G22992A,0.000130582397493,1,0.000000000000000
C22995A,0.002383341695936,19,0.000000000000000
A23003T,0.000152998776010,1,0.000000000000000
A23004C,0.000157207986166,1,0.000000000000000
G23012A,0.997017892644135,7021,0.000000000000000
A23014C,0.000167364016736,1,0.000000000000000
A23014T,0.000167364016736,1,0.000000000000000
A23092C,0.000655307994758,1,0.000000000000000
T23097C,0.000299580587178,1,0.000000000000000
C23099T,0.000288850375505,1,0.000000000000000
T23100G,0.000251509054326,1,0.000000000000000
T23102G,0.000223214285714,1,0.000000000000000
C23103G,0.000863557858377,4,0.000000000000000
C23111T,0.000107434464976,1,0.000000000000000
A23118G,0.000082911864688,1,0.000000000000000
A23122G,0.000073893445651,1,0.000000000000000
C23124G,0.000152253349574,2,0.000000000000000
C23127T,0.000160346348112,2,0.000000000000000
T23131G,0.000083243153251,1,0.000000000000000
C23141T,0.000098493056240,1,0.000000000000000
A23148G,0.000425640589087,5,0.000000000000000
T23163C,0.000177651447859,2,0.000000000000000
T23164G,0.000079605158414,1,0.000000000000000
T23194C,0.991210447011552,3947,0.000000000000000
A23267G,0.000697350069735,1,0.000000000000000
C23271A,0.000612745098039,1,0.000000000000000
T23296C,0.000520020800832,1,0.000000000000000
C23297T,0.001072386058981,2,0.000000000000000
C23315T,0.000197083169097,1,0.000000000000000
A23319C,0.000197316495659,1,0.000000000000000
C23325T,0.000187160771102,1,0.000000000000000
C23327T,0.000207684319834,1,0.000000000000000
T23346A,0.000235128144839,1,0.000000000000000
G23426C,0.000261437908497,1,0.000000000000000
T23428C,0.000260688216893,1,0.000000000000000
C23435T,0.000366434591425,2,0.000000000000000
C23439T,0.000185082361651,1,0.000000000000000
C23447T,0.000158127767236,1,0.000000000000000
C23451T,0.000490998363339,3,0.000000000000000
T23452C,0.000331290376015,2,0.000000000000000
C23453T,0.000181422351234,1,0.000000000000000
C23457T,0.000206015657190,1,0.000000000000000
T23468A,0.000251382604324,1,0.000000000000000
T23471A,0.000769822940724,3,0.000000000000000
T23471G,0.000256607646908,1,0.000000000000000
C23475T,0.000508001016002,2,0.000000000000000
G23477A,0.000234576589256,1,0.000000000000000
C23525A,0.000838926174497,1,0.000000000000000
C23525T,0.973993288590604,1161,0.000000000000000
C23557T,0.000439367311072,1,0.000000000000000
G23567T,0.000313283208020,1,0.000000000000000
C23575T,0.000236854571293,1,0.000000000000000
T23584C,0.000191644308164,1,0.000000000000000
C23585T,0.000178030977390,1,0.000000000000000
T23599C,0.000193386192226,1,0.000000000000000
T23602C,0.000298864315601,2,0.000000000000000
C23603A,0.000150579731968,1,0.000000000000000
C23604A,0.000628535512256,4,0.000000000000000
T23605C,0.000189861401177,1,0.000000000000000
G23624T,0.000357653791130,1,0.000000000000000
C23635T,0.000469263256687,1,0.000000000000000
C23638T,0.000846740050804,2,0.000000000000000
C23643G,0.000446827524576,1,0.000000000000000
C23655T,0.000359776938298,2,0.000000000000000
C23679T,0.000279563880347,2,0.000000000000000
C23679A,0.000139781940173,1,0.000000000000000
A23682G,0.000264655286489,2,0.000000000000000
C23683T,0.002147939320714,16,0.000000000000000
T23684A,0.000130684788291,1,0.000000000000000
C23685G,0.000144133756126,1,0.000000000000000
A23687G,0.000170881749829,1,0.000000000000000
T23689A,0.000179856115108,3,0.000000000000000
A23690T,0.000053053212372,1,0.000000000000000
T23695A,0.000048093108258,1,0.000000000000000
A23696G,0.000049399792521,1,0.000000000000000
T23697C,0.000048527199495,1,0.000000000000000
C23701T,0.000045562238017,1,0.000000000000000
C23709T,0.000530146031134,11,0.000000000000000
A23736G,0.000118680275338,1,0.000000000000000
A23746T,0.000384024577573,1,0.000000000000000
C23751G,0.000465766185375,1,0.000000000000000
C23758T,0.000988142292490,2,0.000000000000000
A23767T,0.000589275191514,1,0.000000000000000
T23803G,0.000558971492454,1,0.000000000000000
C23816T,0.000446627958910,1,0.000000000000000
C23844A,0.000168378514901,1,0.000000000000000
C23854A,0.000289813070569,2,0.000000000000000
C23854T,0.000144906535285,1,0.000000000000000
C23855T,0.000161108425971,1,0.000000000000000
G23879A,0.000139821029083,1,0.000000000000000
C23887A,0.000142247510669,1,0.000000000000000
A23888C,0.000159413358839,1,0.000000000000000
A23891G,0.000185442744553,2,0.000000000000000
A23892C,0.000091726288754,1,0.000000000000000
C23897T,0.000300300300300,5,0.000000000000000
C23897A,0.000060060060060,1,0.000000000000000
A23901T,0.000054911866454,1,0.000000000000000
A23902C,0.000049990002000,1,0.000000000000000
G23903T,0.000053321957982,1,0.000000000000000
T23905G,0.000141669814885,3,0.000000000000000
T23907G,0.000044515669516,1,0.000000000000000
T23908G,0.000044379354724,1,0.000000000000000
G23909T,0.000099616476565,2,0.000000000000000
C23910T,0.000042905564852,1,0.000000000000000
C23910G,0.000042905564852,1,0.000000000000000
C23921T,0.000080085424453,3,0.000000000000000
A23924C,0.000050868581021,2,0.000000000000000
C23929T,0.000220726189162,8,0.000000000000000
C23934T,0.000028445455838,1,0.000000000000000
A23941T,0.000158177791838,1,0.000000000000000
A23942G,0.000166805671393,1,0.000000000000000
T23944A,0.000376081233546,2,0.000000000000000
A23945T,0.000175100682893,1,0.000000000000000
G23948T,0.000629458665548,3,0.000000000000000
T23950C,0.000188075982697,1,0.000000000000000
T23953A,0.000180831826401,1,0.000000000000000
G23955C,0.000535331905782,2,0.000000000000000
T23978G,0.000284414106940,1,0.000000000000000
C23981A,0.000842933408261,3,0.000000000000000
A23989T,0.000224265530388,1,0.000000000000000
A23999G,0.000222024866785,1,0.000000000000000
T24011C,0.000566893424036,1,0.000000000000000
G24050C,0.000989119683482,1,0.000000000000000
C24068T,0.000879507475814,1,0.000000000000000
G24075A,0.000860585197935,1,0.000000000000000
A24090G,0.000566572237960,1,0.000000000000000
T24100A,0.000381242851697,1,0.000000000000000
C24117G,0.000116319646388,1,0.000000000000000
C24117T,0.000232639292777,2,0.000000000000000
C24119G,0.000104242676952,1,0.000000000000000
T24127C,0.000051075131518,1,0.000000000000000
C24146T,0.000165435094298,3,0.000000000000000
T24152G,0.000059966418805,1,0.000000000000000
A24162G,0.000164176654080,2,0.000000000000000
A24170C,0.000896458987001,2,0.000000000000000
C24299T,0.000559597090095,1,0.000000000000000
C24334A,0.000496277915633,1,0.000000000000000
C24337T,0.000506842372022,1,0.000000000000000
A24353G,0.000336927223720,1,0.000000000000000
A24353T,0.000336927223720,1,0.000000000000000
G24357T,0.000331016219795,1,0.000000000000000
G24368A,0.000266169816343,1,0.000000000000000
G24368C,0.000798509449028,3,0.000000000000000
C24382T,0.000278318953521,1,0.000000000000000
A24409G,0.000304414003044,1,0.000000000000000
G24410A,0.003075976622578,10,0.000000000000000
C24422T,0.000311138767890,1,0.000000000000000
A24426G,0.000352858151023,1,0.000000000000000
A24439G,0.000276014352746,1,0.000000000000000
A24493G,0.000453309156845,1,0.000000000000000
G24550A,0.000476871721507,1,0.000000000000000
G24620A,0.000349772647779,1,0.000000000000000
C24642T,0.987230646448524,2474,0.000000000000000
A24647T,0.000405350628293,1,0.000000000000000
T24736A,0.000716332378223,1,0.000000000000000
C24759A,0.000227531285552,1,0.000000000000000
C24773T,0.000313922461152,2,0.000000000000000
A24777G,0.000115393491807,1,0.000000000000000
A24791G,0.000107054919174,1,0.000000000000000
T24793C,0.000101615689462,1,0.000000000000000
C24797T,0.000111296605454,1,0.000000000000000
A24803T,0.000245760629147,1,0.000000000000000
C24833T,0.001047668936616,2,0.000000000000000
T24851A,0.000264061262213,1,0.000000000000000
C24852G,0.000213492741247,1,0.000000000000000
C24865G,0.000250657977190,2,0.000000000000000
C24865T,0.000250657977190,2,0.000000000000000
G24872T,0.000121432908318,1,0.000000000000000
A24880G,0.000128106584678,1,0.000000000000000
T24910C,0.000166306336271,1,0.000000000000000
G24914C,0.002003606491685,10,0.000000000000000
C24921T,0.000441988950276,2,0.000000000000000
T24923A,0.000251889168766,1,0.000000000000000
T24979C,0.000290613193839,1,0.000000000000000
C24989G,0.000263504611331,1,0.000000000000000
C25002T,0.000254906958960,1,0.000000000000000
A25003C,0.000492853622474,2,0.000000000000000
C25006T,0.000260213374967,1,0.000000000000000
A25008G,0.000291290416545,1,0.000000000000000
A25018T,0.000318775900542,1,0.000000000000000
A25022T,0.000313283208020,1,0.000000000000000
A25031G,0.000604412209127,2,0.000000000000000
C25037T,0.000367647058824,1,0.000000000000000
A25040T,0.000369276218612,1,0.000000000000000
T25043G,0.000418060200669,1,0.000000000000000
C25047T,0.000781555295037,2,0.000000000000000
T25072C,0.001313197636244,2,0.000000000000000
G25088T,0.985202492211838,1265,0.000000000000000
G25126T,0.000968992248062,1,0.000000000000000
C25156T,0.001628664495114,2,0.000000000000000
C25184T,0.000564971751412,1,0.000000000000000
T25228A,0.000353356890459,1,0.000000000000000
T25228C,0.000706713780919,2,0.000000000000000
T25258A,0.000685871056241,1,0.000000000000000
G25297C,0.000298151460942,1,0.000000000000000
T25333G,0.000442673749447,1,0.000000000000000
A25351G,0.000812347684809,1,0.000000000000000
A25369T,0.000297619047619,1,0.000000000000000
A25385G,0.000330687830688,1,0.000000000000000
T25392A,0.000167588402883,1,0.000000000000000
C25427T,0.000231427910206,1,0.000000000000000
C25433T,0.000437254044600,2,0.000000000000000
A25439T,0.000221582096167,1,0.000000000000000
G25447T,0.000345542501728,1,0.000000000000000
C25463T,0.000410172272354,1,0.000000000000000
C25469T,0.005390835579515,12,0.000000000000000
C25480T,0.000552791597568,1,0.000000000000000
C25511T,0.000884955752212,1,0.000000000000000
C25566A,0.000715819613457,1,0.000000000000000
A25573G,0.000705218617772,1,0.000000000000000
T25577C,0.001591089896579,2,0.000000000000000
T25580C,0.000719424460432,1,0.000000000000000
T25655A,0.000400962309543,1,0.000000000000000
T25663C,0.000592943966795,2,0.000000000000000
C25678G,0.000349650349650,1,0.000000000000000
G25691T,0.000328407224959,1,0.000000000000000
C25702T,0.000294724432655,1,0.000000000000000
C25703T,0.000270124257158,1,0.000000000000000
C25731T,0.000331674958541,1,0.000000000000000
A25746G,0.989084802686818,1178,0.000000000000000
T25766C,0.000306748466258,1,0.000000000000000
T25773C,0.000249812640520,1,0.000000000000000
C25791T,0.000579710144928,3,0.000000000000000
C25803T,0.000539859636495,3,0.000000000000000
T25818C,0.000461787116139,2,0.000000000000000
T25827C,0.000092686996014,1,0.000000000000000
C25840G,0.000133244503664,1,0.000000000000000
T25842C,0.000127307447486,1,0.000000000000000
A25859G,0.000174764068508,1,0.000000000000000
C25886T,0.000733137829912,1,0.000000000000000
T25923G,0.001399090591116,4,0.000000000000000
G25996T,0.000211059518784,1,0.000000000000000
C26013T,0.000179759122775,1,0.000000000000000
A26040T,0.000650618087183,1,0.000000000000000
T26094C,0.000328479141575,3,0.000000000000000
T26102A,0.000103971719692,1,0.000000000000000
C26110T,0.000098512461826,1,0.000000000000000
T26112A,0.000098990298951,1,0.000000000000000
C26131T,0.000384985563041,2,0.000000000000000
T26149C,0.797430678659751,36437,0.000000000000000
A26183G,0.000066793574458,4,0.000000000000000
T26187G,0.000017118890696,1,0.000000000000000
G26193C,0.000210290200477,3,0.000000000000000
C26198A,0.000073887985814,1,0.000000000000000
C26198T,0.000147775971627,2,0.000000000000000
C26201T,0.000151492198152,2,0.000000000000000
G26207C,0.021399330107927,115,0.000000000000000
G26207A,0.004652028284332,25,0.000000000000000
C26228T,0.000367242012486,2,0.000000000000000
C26340T,0.000609013398295,1,0.000000000000000
T26354G,0.002962962962963,4,0.000000000000000
C26456T,0.001690617075232,2,0.000000000000000
T26465C,0.000684462696783,1,0.000000000000000
T26490C,0.000345781466113,1,0.000000000000000
C26499T,0.000901171522980,3,0.000000000000000
T26503A,0.000271739130435,1,0.000000000000000
C26509T,0.000211685012701,1,0.000000000000000
T26515C,0.000360555255093,2,0.000000000000000
A26519G,0.000134643866972,1,0.000000000000000
A26528T,0.000152392563243,1,0.000000000000000
C26533T,0.000460193281178,3,0.000000000000000
C26537A,0.000652848049616,4,0.000000000000000
C26611A,0.000292312189418,1,0.000000000000000
T26637A,0.000354107648725,1,0.000000000000000
C26681T,0.001642036124795,3,0.000000000000000
C26682T,0.001006542526422,2,0.000000000000000
C26873T,0.000548446069470,3,0.000000000000000
C26877T,0.000148279952550,1,0.000000000000000
C26880T,0.000393030263330,3,0.000000000000000
C26882T,0.000237332384004,2,0.000000000000000
C26885A,0.000121936349226,1,0.000000000000000
C26885T,0.000121936349226,1,0.000000000000000
A26891T,0.000134517083670,1,0.000000000000000
C26894T,0.001791913988129,16,0.000000000000000
C26895T,0.000682283375028,6,0.000000000000000
A26896G,0.000126278570527,1,0.000000000000000
C26907T,0.000510620915033,5,0.000000000000000
C26917T,0.000196579516414,1,0.000000000000000
C26919T,0.000210482003789,1,0.000000000000000
G26929A,0.000918273645546,1,0.000000000000000
A26981G,0.000205465379084,1,0.000000000000000
T26987G,0.000122654237704,1,0.000000000000000
C26988A,0.000113571834185,1,0.000000000000000
A26990G,0.000099576798606,2,0.000000000000000
C26994T,0.000040939981986,1,0.000000000000000
G27000A,0.000039404208369,1,0.000000000000000
A27001G,0.000082487833045,2,0.000000000000000
T27004C,0.000036201715961,1,0.000000000000000
A27024C,0.000034906450712,1,0.000000000000000
C27028G,0.000035047138401,1,0.000000000000000
T27039A,0.000175561797753,1,0.000000000000000
C27092G,0.000832639467111,1,0.000000000000000
G27122A,0.000966183574879,1,0.000000000000000
C27131T,0.000742758108443,3,0.000000000000000
T27134C,0.000240500240500,1,0.000000000000000
A27159T,0.000677659814773,3,0.000000000000000
C27211A,0.000755287009063,1,0.000000000000000
T27220A,0.000484261501211,1,0.000000000000000
T27222C,0.000481231953802,1,0.000000000000000
T27228C,0.000450045004500,1,0.000000000000000
A27237G,0.000483325277912,1,0.000000000000000
A27239C,0.000460405156538,1,0.000000000000000
A27241G,0.001372997711670,3,0.000000000000000
T27255G,0.000548546352167,1,0.000000000000000
A27259C,0.000904977375566,1,0.000000000000000
C27294T,0.000156372165754,1,0.000000000000000
C27297T,0.000158052789632,1,0.000000000000000
T27299C,0.000153092467851,1,0.000000000000000
A27300G,0.000152975370965,1,0.000000000000000
A27353T,0.000580046403712,1,0.000000000000000
T27355C,0.000135611608354,1,0.000000000000000
A27359C,0.000120743781695,1,0.000000000000000
A27363G,0.000281637251220,3,0.000000000000000
C27367T,0.000101142914939,1,0.000000000000000
C27370G,0.000100210441928,1,0.000000000000000
T27381A,0.000072721983856,1,0.000000000000000
T27384C,0.001135315404811,16,0.000000000000000
C27389T,0.000069633033911,1,0.000000000000000
G27390T,0.001238615664845,17,0.000000000000000
A27391G,0.000130616509927,2,0.000000000000000
A27397C,0.000147721397444,2,0.000000000000000
A27400C,0.000147156206313,2,0.000000000000000
G27420T,0.000264375413087,2,0.000000000000000
A27456G,0.000429000429000,1,0.000000000000000
C27473T,0.000226654578422,1,0.000000000000000
G27478C,0.000230786983614,1,0.000000000000000
C27493T,0.000153940886700,1,0.000000000000000
C27494T,0.000145137880987,1,0.000000000000000
C27503T,0.000220118864187,2,0.000000000000000
T27504C,0.000104712041885,1,0.000000000000000
G27516T,0.000211909302818,2,0.000000000000000
C27526T,0.000129701686122,1,0.000000000000000
C27527T,0.000137988133021,1,0.000000000000000
T27531C,0.000135007425408,1,0.000000000000000
C27535T,0.000152137532329,1,0.000000000000000
T27537C,0.000192938452634,1,0.000000000000000
C27538T,0.000194628260023,1,0.000000000000000
A27540T,0.003362341772152,17,0.000000000000000
T27580C,0.987970594787258,4435,0.000000000000000
T27597C,0.000232180171813,1,0.000000000000000
C27600T,0.000236798484490,1,0.000000000000000
A27609G,0.000262054507338,1,0.000000000000000
C27610T,0.000232504068821,1,0.000000000000000
T27618A,0.000217060994139,1,0.000000000000000
T27622C,0.000408747189863,2,0.000000000000000
T27638C,0.001719690455718,8,0.000000000000000
C27654T,0.000305810397554,1,0.000000000000000
G27746A,0.000643086816720,1,0.000000000000000
C27752T,0.001324503311258,2,0.000000000000000
T27757C,0.002115655853315,3,0.000000000000000
G27762A,0.000625782227785,1,0.000000000000000
C27836T,0.000298775022408,1,0.000000000000000
C27847T,0.000082142270412,1,0.000000000000000
A27848G,0.000087244808934,1,0.000000000000000
C27849T,0.000080089700465,1,0.000000000000000
A27862G,0.000056863414079,1,0.000000000000000
C27864G,0.000051263648947,1,0.000000000000000
T27869C,0.000033175198222,1,0.000000000000000
T27869G,0.000132700792887,4,0.000000000000000
T27869A,0.000033175198222,1,0.000000000000000
G27870T,0.000032523498227,1,0.000000000000000
A27873G,0.000063500127000,2,0.000000000000000
C27874T,0.000956693666688,30,0.000000000000000
C27879T,0.000031117749564,1,0.000000000000000
C27889T,0.000045324751847,1,0.000000000000000
A27894C,0.000220555800618,3,0.000000000000000
T27895C,0.000090678273486,1,0.000000000000000
T27902G,0.000296076980015,2,0.000000000000000
T27907G,0.000211104074309,1,0.000000000000000
C27920T,0.000698324022346,2,0.000000000000000
C27945G,0.000644329896907,1,0.000000000000000
G27967T,0.004686035613871,5,0.000000000000000
C27970T,0.001675041876047,2,0.000000000000000
T27971G,0.000849617672048,1,0.000000000000000
T27984C,0.000203665987780,1,0.000000000000000
T28002C,0.000188501413761,1,0.000000000000000
C28011T,0.000545652964714,3,0.000000000000000
G28056A,0.000649350649351,1,0.000000000000000
T28098C,0.000798722044728,1,0.000000000000000
A28111G,0.000690607734807,1,0.000000000000000
T28127A,0.000928936367859,2,0.000000000000000
T28144C,0.001119194180190,2,0.000000000000000
C28153T,0.000648088139987,1,0.000000000000000
G28167A,0.972083035075161,1358,0.000000000000000
C28253T,0.000884955752212,1,0.000000000000000
G28262A,0.865658362989324,973,0.000000000000000
C28269A,0.000387146728610,1,0.000000000000000
T28270A,0.001301236174366,4,0.000000000000000
A28274C,0.000197941409343,1,0.000000000000000
A28284G,0.000148323939484,1,0.000000000000000
T28285C,0.000141302811926,1,0.000000000000000
C28291T,0.001376778338687,9,0.000000000000000
T28297A,0.000687474219717,5,0.000000000000000
T28297C,0.000137494843943,1,0.000000000000000
A28299T,0.000141522785168,1,0.000000000000000
G28300A,0.000283969899191,2,0.000000000000000
G28302A,0.000145623998835,1,0.000000000000000
C28308T,0.000221877080098,1,0.000000000000000
C28311T,0.000509035377959,2,0.000000000000000
G28314A,0.000561009817672,2,0.000000000000000
C28320T,0.000202101859337,1,0.000000000000000
G28326T,0.000151377535574,1,0.000000000000000
C28333T,0.000120729204395,1,0.000000000000000
A28338G,0.000257499678125,2,0.000000000000000
T28351C,0.000141043723554,1,0.000000000000000
G28361C,0.000163559044815,1,0.000000000000000
C28367G,0.000235183443086,1,0.000000000000000
C28383T,0.001696352841391,2,0.000000000000000
G28396A,0.000474608448030,1,0.000000000000000
T28405G,0.000448028673835,1,0.000000000000000
A28418T,0.000259672812257,1,0.000000000000000
G28423A,0.000210970464135,1,0.000000000000000
G28423C,0.002320675105485,11,0.000000000000000
G28423T,0.000210970464135,1,0.000000000000000
T28426G,0.000199163513244,2,0.000000000000000
C28432T,0.000854782030582,9,0.000000000000000
A28433G,0.000414808669501,4,0.000000000000000
C28437A,0.000653025685677,6,0.000000000000000
T28440G,0.000779944289694,7,0.000000000000000
A28442G,0.000341997264022,3,0.000000000000000
A28461G,0.001479946721918,10,0.000000000000000
C28472G,0.000926097425449,5,0.000000000000000
C28475T,0.000188394875659,1,0.000000000000000
G28476T,0.000189933523267,1,0.000000000000000
A28477G,0.000185185185185,1,0.000000000000000
G28479A,0.002529675034053,13,0.000000000000000
G28487T,0.000188182160331,1,0.000000000000000
C28512G,0.837889383343929,6590,0.000000000000000
C28546T,0.000117757889779,1,0.000000000000000
A28547C,0.004162191192266,31,0.000000000000000
A28549T,0.000367376928729,3,0.000000000000000
C28550T,0.000116686114352,1,0.000000000000000
A28581T,0.000114850120593,1,0.000000000000000
A28581G,0.000114850120593,1,0.000000000000000
T28582C,0.000106349037541,1,0.000000000000000
A28586C,0.001343033016228,12,0.000000000000000
A28612C,0.000643500643501,1,0.000000000000000
T28636C,0.000978473581213,1,0.000000000000000
G28668T,0.000814995925020,1,0.000000000000000
C28674T,0.001287553648069,3,0.000000000000000
A28680T,0.000361532899494,1,0.000000000000000
T28688A,0.000197863078750,1,0.000000000000000
T28693C,0.000367782272894,2,0.000000000000000
C28695T,0.000188146754468,1,0.000000000000000
C28708T,0.000292911540715,2,0.000000000000000
G28713T,0.000136742786818,1,0.000000000000000
C28720T,0.000310269934843,2,0.000000000000000
A28733T,0.000164446637066,1,0.000000000000000
C28748T,0.000141703273346,1,0.000000000000000
T28759A,0.000189753320683,1,0.000000000000000
A28761T,0.000525348043079,2,0.000000000000000
C28770T,0.000295595625185,1,0.000000000000000
T28772C,0.000374812593703,1,0.000000000000000
C28789T,0.001023017902813,2,0.000000000000000
G28790T,0.000545553737043,1,0.000000000000000
A28794T,0.000671140939597,1,0.000000000000000
G28812T,0.000925069380204,1,0.000000000000000
A28815T,0.004132231404959,5,0.000000000000000
C28818G,0.002309468822171,3,0.000000000000000
T28823A,0.001495886312640,2,0.000000000000000
C28826A,0.003316749585406,12,0.000000000000000
C28826T,0.001105583195135,4,0.000000000000000
G28827T,0.106531881804044,274,0.000000000000000
G28827C,0.000388802488336,1,0.000000000000000
T28829A,0.000284010224368,1,0.000000000000000
C28831T,0.028903049613109,127,0.000000000000000
C28833T,0.000211282484682,1,0.000000000000000
C28833A,0.001056412423410,5,0.000000000000000
A28834T,0.005851901868107,26,0.000000000000000
T28835A,0.000724987916868,3,0.000000000000000
C28836A,0.001517779705117,7,0.000000000000000
A28837T,0.003461704889658,16,0.000000000000000
G28845T,0.025385154061625,145,0.000000000000000
G28857A,0.000154012012937,1,0.000000000000000
C28868T,0.000173550850399,1,0.000000000000000
C28869A,0.002269718176660,12,0.000000000000000
C28873G,0.000282167042889,1,0.000000000000000
G28916T,0.000925497454882,2,0.000000000000000
T28927A,0.000974184120799,2,0.000000000000000
G28931A,0.000832986255727,2,0.000000000000000
T28933G,0.000430477830392,1,0.000000000000000
C28937G,0.000401284109149,1,0.000000000000000
G28939A,0.000361010830325,1,0.000000000000000
G28946A,0.000313676286073,1,0.000000000000000
C28948G,0.000324464633355,1,0.000000000000000
G28960A,0.006208609271523,15,0.000000000000000
G28968A,0.000674157303371,6,0.000000000000000
C28977T,0.000711382113821,7,0.000000000000000
G28986A,0.000089710235938,1,0.000000000000000
C28987A,0.000184979652238,2,0.000000000000000
C28991T,0.000070313598650,1,0.000000000000000
A28993G,0.000075125835775,1,0.000000000000000
A28996C,0.000144822592324,2,0.000000000000000
C29003A,0.000062092517852,1,0.000000000000000
T29008C,0.000062711651825,1,0.000000000000000
C29013T,0.000193174500966,3,0.000000000000000
A29020G,0.000069434800722,1,0.000000000000000
T29023G,0.000066352597704,1,0.000000000000000
C29025T,0.000082712985939,1,0.000000000000000
C29028T,0.000301750150875,1,0.000000000000000
C29028G,0.000301750150875,1,0.000000000000000
A29074G,0.000313774709758,1,0.000000000000000
T29080C,0.000310848616724,1,0.000000000000000
C29085T,0.000238379022646,1,0.000000000000000
C29085A,0.000238379022646,1,0.000000000000000
A29089G,0.000524796641301,2,0.000000000000000
C29095T,0.000203790503363,1,0.000000000000000
C29114A,0.000135080372822,1,0.000000000000000
A29117G,0.000158328055731,1,0.000000000000000
A29147T,0.000136742786818,1,0.000000000000000
T29148A,0.000130208333333,1,0.000000000000000
A29150G,0.000080749354005,1,0.000000000000000
A29154C,0.000081913499345,1,0.000000000000000
T29164G,0.000095129375951,1,0.000000000000000
T29173G,0.000102259944780,1,0.000000000000000
G29176A,0.000102774922919,1,0.000000000000000
T29184A,0.000381970970206,1,0.000000000000000
C29196G,0.000507872016252,1,0.000000000000000
T29270C,0.997335109926715,1497,0.000000000000000
C29280G,0.000728862973761,1,0.000000000000000
C29318T,0.000593002569678,3,0.000000000000000
T29322A,0.000220167327169,1,0.000000000000000
T29344A,0.000087267649882,1,0.000000000000000
C29349A,0.000153186274510,2,0.000000000000000
C29353T,0.002692440455644,39,0.000000000000000
C29358T,0.000286916602907,6,0.000000000000000
A29359T,0.000206889417606,4,0.000000000000000
C29362T,0.000090719404881,3,0.000000000000000
C29363G,0.000355733781773,11,0.000000000000000
A29365T,0.000096677516032,3,0.000000000000000
G29374T,0.000040377937495,1,0.000000000000000
T29377A,0.000039843812256,1,0.000000000000000
C29386T,0.000037220381881,1,0.000000000000000
C29386A,0.000037220381881,1,0.000000000000000
A29391C,0.000142587245571,4,0.000000000000000
A29391T,0.000035646811393,1,0.000000000000000
G29392T,0.000037586919752,1,0.000000000000000
A29394C,0.000039990402303,1,0.000000000000000
A29396T,0.000050880227943,1,0.000000000000000
G29402T,0.005419260344196,74,0.000000000000000
C29409T,0.000127844541038,2,0.000000000000000
A29413T,0.000069132388524,1,0.000000000000000
T29417C,0.000079713033081,1,0.000000000000000
C29420T,0.000075030012005,1,0.000000000000000
A29428G,0.000430033542616,5,0.000000000000000
G29434A,0.000106826193783,1,0.000000000000000
C29451T,0.000248818113959,1,0.000000000000000
C29482T,0.000863930885529,2,0.000000000000000
C29489T,0.000136444262519,1,0.000000000000000
A29496T,0.000112019715470,1,0.000000000000000
G29508C,0.000151733555876,2,0.000000000000000
C29509T,0.000075832259043,1,0.000000000000000
C29514T,0.000065346664053,1,0.000000000000000
C29520T,0.000375234521576,7,0.000000000000000
C29523T,0.000099930048966,2,0.000000000000000
T29524C,0.000054395126197,1,0.000000000000000
C29525T,0.000247157686604,5,0.000000000000000
G29527T,0.000052534804308,1,0.000000000000000
G29528A,0.000052645433009,1,0.000000000000000
C29541T,0.000058997050147,1,0.000000000000000
C29545T,0.000061927173644,1,0.000000000000000
C29546T,0.000146584579302,2,0.000000000000000
A29552T,0.000099354197715,1,0.000000000000000
C29555T,0.000221975582686,3,0.000000000000000
T29566C,0.000606980273141,2,0.000000000000000
T29566G,0.000303490136571,1,0.000000000000000
C29585T,0.000446827524576,1,0.000000000000000
T29599C,0.002606429192007,3,0.000000000000000
C29640T,0.001408054069276,5,0.000000000000000
A29649G,0.000269179004038,1,0.000000000000000
A29653G,0.000250941028858,1,0.000000000000000
C29659T,0.000208899101734,1,0.000000000000000
C29668A,0.000183049606443,1,0.000000000000000
C29724T,0.000346740638003,1,0.000000000000000
C29733T,0.000309693403531,1,0.000000000000000
G29734C,0.000322997416021,1,0.000000000000000
G29736C,0.000333889816361,1,0.000000000000000
C29738T,0.000410172272354,1,0.000000000000000
G29742T,0.008573178199633,14,0.000000000000000
G29745C,0.000844594594595,1,0.000000000000000
C29754T,0.000730994152047,1,0.000000000000000
C29754A,0.000730994152047,1,0.000000000000000
T29765A,0.000879507475814,1,0.000000000000000
A29768T,0.000865051903114,1,0.000000000000000
C29787T,0.000801924619086,1,0.000000000000000
T29791A,0.000861326442722,1,0.000000000000000
T29834A,0.946927374301676,1017,0.000000000000000
